[
  { "nom": "Noisy-le-Grand Les Yvris", "uic": "87113803" },
  { "nom": "Gretz-Armainvilliers", "uic": "87116012" },
  { "nom": "Aéroport Charles-de-Gaulle 2 RER", "uic": "87001479" },
  { "nom": "Les Pavillons-sous-Bois", "uic": "87113852" },
  { "nom": "Guérard - La Celle-sur-Morin", "uic": "87116269" },
  { "nom": "Gagny", "uic": "87113514" },
  { "nom": "Sevran Freinville", "uic": "87113894" },
  { "nom": "Coulommiers", "uic": "87116301" },
  { "nom": "Mortcerf", "uic": "87116244" },
  { "nom": "Les Coquetiers", "uic": "87113845" },
  { "nom": "La Ferté-sous-Jouarre", "uic": "87116517" },
  {
    "nom": "Couilly-Pont-aux-Dames - Saint-Germain-sur-Morin - Quincy-Voisin",
    "uic": "87116731"
  },
  { "nom": "Nanteuil-sur-Marne - Saâcy-sur-Marne", "uic": "87116558" },
  { "nom": "Saint-Siméon", "uic": "87116368" },
  { "nom": "Mareuil-sur-Ourcq", "uic": "87116665" },
  { "nom": "Chauffry", "uic": "87116350" },
  { "nom": "Franconville - Le Plessis-Bouchard", "uic": "87276071" },
  { "nom": "Villeparisis", "uic": "87271510" },
  { "nom": "Aulnay-sous-Bois", "uic": "87271411" },
  { "nom": "Vert Galant", "uic": "87271437" },
  { "nom": "Saint-Ouen", "uic": "87271247" },
  { "nom": "Cernay", "uic": "87276063" },
  { "nom": "Chantilly - Gouvieux", "uic": "87276113" },
  { "nom": "Versailles Rive Gauche Château", "uic": "87393157" },
  { "nom": "Les Clairières de Verneuil", "uic": "87386664" },
  { "nom": "Houilles - Carrières-sur-Seine", "uic": "87386409" },
  { "nom": "Nanterre Université", "uic": "87386318" },
  { "nom": "Maisons-Laffitte", "uic": "87386425" },
  { "nom": "Fontenay-le-Fleury", "uic": "87393405" },
  { "nom": "Les Mureaux", "uic": "87386680" },
  { "nom": "Beynes", "uic": "87393363" },
  { "nom": "Houdan", "uic": "87393462" },
  { "nom": "Javel", "uic": "87393066" },
  { "nom": "La Celle-Saint-Cloud", "uic": "87382432" },
  { "nom": "Mareil-sur-Mauldre", "uic": "87381715" },
  { "nom": "Sèvres - Ville-d'Avray", "uic": "87382341" },
  { "nom": "Massy - Verrières-le-Buisson", "uic": "87383281" },
  { "nom": "Suresnes Mont Valérien", "uic": "87382374" },
  { "nom": "Montgeroult - Courcelles-sur-Viosne", "uic": "87381160" },
  { "nom": "Santeuil - Le Perchay", "uic": "87381186" },
  { "nom": "La Garenne-Colombes", "uic": "87386003" },
  { "nom": "Chars", "uic": "87381194" },
  { "nom": "Liancourt-Saint-Pierre", "uic": "87381210" },
  { "nom": "Neuilly Porte Maillot", "uic": "87381020" },
  { "nom": "Neuville-sur-Oise Université", "uic": "87334482" },
  { "nom": "Saint-Leu-la-Forêt", "uic": "87276600" },
  { "nom": "Auvers-sur-Oise", "uic": "87276543" },
  { "nom": "Méry", "uic": "87276667" },
  { "nom": "Nointel - Mours", "uic": "87276758" },
  { "nom": "Le Stade", "uic": "87381095" },
  { "nom": "Colombes", "uic": "87381087" },
  { "nom": "Saint-Ouen-l'Aumône Liesse", "uic": "87337980" },
  { "nom": "Osny", "uic": "87381145" },
  { "nom": "Garges-les-Gonesse - Sarcelles", "uic": "87276196" },
  { "nom": "Champagne-sur-Oise", "uic": "87276519" },
  { "nom": "Bouffémont - Moisselles", "uic": "87276485" },
  { "nom": "Montsoult - Maffliers", "uic": "87276493" },
  { "nom": "L'Isle-Adam - Parmain", "uic": "87276527" },
  { "nom": "Valmondois", "uic": "87276535" },
  { "nom": "Chaponval", "uic": "87276162" },
  { "nom": "Les Noues", "uic": "87276238" },
  { "nom": "Sannois", "uic": "87276188" },
  { "nom": "Boran-sur-Oise", "uic": "87276444" },
  { "nom": "Pont de Rungis Aéroport d'Orly", "uic": "87546192" },
  { "nom": "Maisons-Alfort - Alfortville", "uic": "87681155" },
  { "nom": "Boussy-Saint-Antoine", "uic": "87682138" },
  { "nom": "Grand Bourg", "uic": "87681353" },
  { "nom": "Ris-Orangis", "uic": "87681338" },
  { "nom": "Le Mée-sur-Seine", "uic": "87682179" },
  { "nom": "Orly Ville", "uic": "87546200" },
  { "nom": "Mennecy", "uic": "87681411" },
  { "nom": "Villabé", "uic": "87681619" },
  { "nom": "Thomery", "uic": "87682252" },
  { "nom": "Sainte-Geneviève-des-Bois", "uic": "87545210" },
  { "nom": "Choisy-le-Roi", "uic": "87545285" },
  { "nom": "Bouray-sur-Juine", "uic": "87545178" },
  { "nom": "Étréchy", "uic": "87545145" },
  { "nom": "Lardy", "uic": "87545160" },
  { "nom": "Égly", "uic": "87545475" },
  { "nom": "Igny", "uic": "87393561" },
  { "nom": "Chartres", "uic": "87394007" },
  { "nom": "Bonneval", "uic": "87545731" },
  { "nom": "Dreux", "uic": "87393488" },
  { "nom": "Saint-Fargeau", "uic": "87682542" },
  { "nom": "Moret-sur-Loing - Veneux-les-Sablons", "uic": "87682278" },
  { "nom": "Fontaine-le-Port", "uic": "87682427" },
  { "nom": "Saint-Julien-du-Sault", "uic": "87683227" },
  { "nom": "Souppes-sur-Loing - Château-Landon", "uic": "87684217" },
  { "nom": "Paris Gare de Lyon Banlieue", "uic": "87686030" },
  { "nom": "Ferrières-en-Gâtinais - Fontenay-sur-Loing", "uic": "87684241" },
  { "nom": "Marne la Vallée - Chessy", "uic": "87754994" },
  { "nom": "Laroche-Saint-Cydroine - Migennes", "uic": "87683268" },
  { "nom": "Chatou - Croissy-sur-Seine", "uic": "87758060" },
  { "nom": "Paris Bercy", "uic": "87686667" },
  { "nom": "Nanterre", "uic": "87758045" },
  { "nom": "Val d'Europe", "uic": "87730069" },
  { "nom": "La Grande Arche de la Défense", "uic": "87758011" },
  { "nom": "La Croix de Berny", "uic": "87758748" },
  { "nom": "Bures-sur-Yvette", "uic": "87758854" },
  { "nom": "Fontaine Michalon", "uic": "87758763" },
  {
    "nom": "Changis-sur-Marne - Saint-Jean-les-Deux-Jumeaux",
    "uic": "87116509"
  },
  { "nom": "Pierrefitte-sur-Seine - Stains", "uic": "87271163" },
  { "nom": "La Courneuve - Aubervilliers", "uic": "87271304" },
  {
    "nom": "Iles-les-Meldeuses - Armentière-en-Brie - Congis-sur-Thérouanne",
    "uic": "87116616"
  },
  { "nom": "La Barre Ormesson", "uic": "87271171" },
  { "nom": "Sevran Beaudottes", "uic": "87271445" },
  { "nom": "Saint-Denis", "uic": "87271015" },
  { "nom": "Montry - Condé-Sainte-Libiaire", "uic": "87116400" },
  { "nom": "Château-Thierry", "uic": "87116582" },
  { "nom": "Villiers-sur-Marne - Le Plessis-Trévise", "uic": "87113795" },
  { "nom": "Les Boullereaux Champigny", "uic": "87113779" },
  { "nom": "Champbenoist Poigny", "uic": "87115873" },
  { "nom": "Livry-Gargan", "uic": "87113860" },
  { "nom": "L'Abbaye", "uic": "87113886" },
  { "nom": "Survilliers - Fosses", "uic": "87276261" },
  { "nom": "Villaines-sous-Bois", "uic": "87272021" },
  { "nom": "Pontoise", "uic": "87276139" },
  { "nom": "Nanteuil-le-Haudouin", "uic": "87271577" },
  { "nom": "Crépy-en-Valois", "uic": "87271593" },
  { "nom": "Gros Noyer Saint-Prix", "uic": "87276592" },
  { "nom": "Écouen - Ézanville", "uic": "87276394" },
  { "nom": "Orry-la-Ville - Coye-la-Forêt", "uic": "87276279" },
  { "nom": "Taverny", "uic": "87276634" },
  { "nom": "Groslay", "uic": "87276360" },
  { "nom": "Magenta", "uic": "87281873" },
  { "nom": "Saint-Leu-d'Esserent", "uic": "87276402" },
  { "nom": "Précy-sur-Oise", "uic": "87276410" },
  { "nom": "Saint-Quentin en Yvelines", "uic": "87393843" },
  { "nom": "Villepreux - Les Clayes-sous-Bois", "uic": "87393413" },
  { "nom": "Villennes-sur-Seine", "uic": "87386649" },
  { "nom": "Versailles Chantier", "uic": "87393009" },
  { "nom": "Viroflay Rive Droite", "uic": "87382887" },
  { "nom": "Meudon Val Fleury", "uic": "87393082" },
  { "nom": "Bougival", "uic": "87382440" },
  { "nom": "Noisy-le-Roi", "uic": "87393876" },
  { "nom": "Invalides", "uic": "87393033" },
  { "nom": "Maintenon", "uic": "87394130" },
  { "nom": "Cergy Préfecture", "uic": "87381905" },
  { "nom": "Chichy - Levallois-Perret", "uic": "87381129" },
  { "nom": "Asnières-sur-Seine", "uic": "87381137" },
  { "nom": "Val d'Argenteuil", "uic": "87381798" },
  { "nom": "Chaville Rive Droite", "uic": "87382333" },
  { "nom": "Bois-Colombes", "uic": "87381079" },
  { "nom": "Achères", "uic": "87381657" },
  { "nom": "Maurecourt", "uic": "87381483" },
  { "nom": "Puteaux", "uic": "87382382" },
  { "nom": "Limay", "uic": "87381582" },
  { "nom": "Le Coudray-Montceaux", "uic": "87681635" },
  { "nom": "Corbeil-Essonnes Robinson", "uic": "87681601" },
  { "nom": "Lieusaint - Moissy-Cramayel", "uic": "87682153" },
  { "nom": "La Ferté-Alais", "uic": "87681452" },
  { "nom": "Boissise-le-Roi", "uic": "87682518" },
  { "nom": "Montgeron - Crosne", "uic": "87682104" },
  { "nom": "Vosves", "uic": "87682500" },
  { "nom": "Brunoy", "uic": "87682120" },
  { "nom": "La Grande-Paroisse", "uic": "87682476" },
  { "nom": "Bois-le-Roi", "uic": "87682203" },
  { "nom": "La Norville - Saint-Germain-lès-Arpajon", "uic": "87545459" },
  { "nom": "Marolles-en-Hurepoix", "uic": "87545186" },
  { "nom": "Saint-Martin d'Étampes", "uic": "87545350" },
  { "nom": "Les Ardoines", "uic": "87492108" },
  { "nom": "Créteil Pompadour", "uic": "87608802" },
  { "nom": "Sermaise", "uic": "87545517" },
  { "nom": "Paris Austerlitz RER C", "uic": "87547026" },
  { "nom": "Guillerval", "uic": "87545129" },
  { "nom": "Angerville", "uic": "87543090" },
  { "nom": "Vernon", "uic": "87415604" },
  { "nom": "Saint-Pierre-lès-Nemours", "uic": "87684126" },
  { "nom": "Montigny-sur-Loing", "uic": "87684100" },
  { "nom": "Noisy-le-Grand Mont d'Est", "uic": "87758334" },
  { "nom": "Sucy-en-Brie - Bonneuil-sur-Marne", "uic": "87758193" },
  { "nom": "Le Vésinet - Le Pecq", "uic": "87758086" },
  { "nom": "Champigny", "uic": "87683128" },
  { "nom": "Bry-sur-Marne", "uic": "87758326" },
  { "nom": "Vincennes", "uic": "87758110" },
  { "nom": "Lognes", "uic": "87758367" },
  { "nom": "Sens", "uic": "87683003" },
  { "nom": "Bourg-la-Reine", "uic": "87758698" },
  { "nom": "Arcueil - Cachan", "uic": "87758672" },
  { "nom": "Palaiseau", "uic": "87758805" },
  { "nom": "Sceaux", "uic": "87758706" },
  { "nom": "Auber", "uic": "87758599" },
  { "nom": "Bondy", "uic": "87113407" },
  { "nom": "Gagny le Chênay", "uic": "87113522" },
  { "nom": "Nogent - Le Perreux", "uic": "87113746" },
  { "nom": "Ozoir-la-Ferrière", "uic": "87116020" },
  { "nom": "Mormant", "uic": "87116087" },
  { "nom": "Nangis", "uic": "87116095" },
  { "nom": "Chelles - Gournay", "uic": "87116111" },
  { "nom": "Sainte-Colombe Septveilles", "uic": "87116178" },
  { "nom": "Marles-en-Brie", "uic": "87116228" },
  { "nom": "Faremoutiers - Pommeuse", "uic": "87116277" },
  { "nom": "Trilport", "uic": "87116491" },
  { "nom": "Nogent-L'Artaud - Charly", "uic": "87116566" },
  { "nom": "Crouy-sur-Ourcq", "uic": "87116640" },
  { "nom": "Villiers-sur-Morin - Montbarbin", "uic": "87116749" },
  { "nom": "Crécy-la-Chapelle", "uic": "87116772" },
  { "nom": "Saint-Denis la Plaine Stade de France", "uic": "87164780" },
  { "nom": "Saint-Denis la Plaine Stade de France", "uic": "87164798" },
  { "nom": "Gare du Nord", "uic": "87271023" },
  { "nom": "Sevran - Livry-Gargan", "uic": "87271429" },
  { "nom": "Villepinte", "uic": "87271452" },
  { "nom": "Aéroport Charles de Gaulle 2", "uic": "87271460" },
  { "nom": "Parc des expositions", "uic": "87271486" },
  { "nom": "Compans", "uic": "87272047" },
  { "nom": "Ermont - Eaubonne", "uic": "87276055" },
  { "nom": "Saint-Gratien", "uic": "87276170" },
  { "nom": "Villiers-le-Bel - Gonesse", "uic": "87276220" },
  { "nom": "Goussainville", "uic": "87276246" },
  { "nom": "Louvres", "uic": "87276253" },
  { "nom": "La Borne Blanche", "uic": "87276287" },
  { "nom": "Deuil-la-Barre - Montmagny", "uic": "87276345" },
  { "nom": "Belloy-en-France - Saint-Martin-du-Tertre", "uic": "87276550" },
  { "nom": "Vaucelles", "uic": "87276626" },
  { "nom": "Mériel", "uic": "87276675" },
  { "nom": "Guillerval Mondésir", "uic": "87332932" },
  { "nom": "Pussay Route de Monnerville", "uic": "87332957" },
  { "nom": "Pont Cardinet", "uic": "87381111" },
  { "nom": "Us", "uic": "87381178" },
  { "nom": "Chaumont-en-Vexin", "uic": "87381228" },
  { "nom": "Trie-Château", "uic": "87381236" },
  { "nom": "Éragny - Neuville-sur-Oise", "uic": "87381418" },
  { "nom": "Conflans Fin d'Oise", "uic": "87381459" },
  { "nom": "Chanteloup-les-Vignes", "uic": "87381475" },
  { "nom": "Andrésy", "uic": "87381491" },
  { "nom": "Mantes-la-Jolie", "uic": "87381509" },
  { "nom": "Juziers", "uic": "87381558" },
  { "nom": "Gargenville", "uic": "87381566" },
  { "nom": "Bréval", "uic": "87381624" },
  { "nom": "Argenteuil", "uic": "87381848" },
  { "nom": "Cormeilles-en-Parisis", "uic": "87381863" },
  { "nom": "Courbevoie", "uic": "87382200" },
  { "nom": "Garches - Marnes-la-Coquette", "uic": "87382259" },
  { "nom": "Vaucresson", "uic": "87382267" },
  { "nom": "Saint-Cloud", "uic": "87382358" },
  { "nom": "Les Vallées", "uic": "87386300" },
  { "nom": "Bueil", "uic": "87387092" },
  { "nom": "Vanves - Malakoff", "uic": "87391532" },
  { "nom": "Issy-les-Moulineaux", "uic": "87393074" },
  { "nom": "Chaville - Vélizy-Villacoublay", "uic": "87393173" },
  { "nom": "Chaville Rive Gauche", "uic": "87393207" },
  { "nom": "Viroflay Rive Gauche", "uic": "87393215" },
  { "nom": "Les Essarts-le-Roi", "uic": "87393280" },
  { "nom": "Issy Val de Seine", "uic": "87393306" },
  { "nom": "Garancières - La Queue-les-Yvelines", "uic": "87393439" },
  { "nom": "Tacoignières - Richebourg", "uic": "87393454" },
  { "nom": "Jouy-en-Josas", "uic": "87393512" },
  { "nom": "Bièvres", "uic": "87393546" },
  { "nom": "Massy - Palaiseau", "uic": "87393579" },
  { "nom": "Chilly-Mazarin", "uic": "87393637" },
  { "nom": "Petit Vaux", "uic": "87393652" },
  { "nom": "Jouy-sur Morin Eustache Lenoir", "uic": "87430900" },
  { "nom": "Jouy-sur-Morin Champgoulin", "uic": "87430918" },
  { "nom": "Dourdan la Forêt", "uic": "87540179" },
  { "nom": "Monnerville", "uic": "87545111" },
  { "nom": "Savigny-sur-Orge", "uic": "87545236" },
  { "nom": "Ablon", "uic": "87545269" },
  { "nom": "Vitry-sur-Seine", "uic": "87545293" },
  { "nom": "Châteaudun", "uic": "87545756" },
  { "nom": "Chemin d'Antony", "uic": "87546317" },
  { "nom": "Saint-Michel Notre Dame", "uic": "87547315" },
  { "nom": "Corbeil-Essonnes", "uic": "87681007" },
  { "nom": "Vigneux-sur-Seine", "uic": "87681304" },
  { "nom": "Viry-Châtillon", "uic": "87681312" },
  { "nom": "Ris-Orangis Bois de l'Épine", "uic": "87681346" },
  { "nom": "Évry - Courcouronnes", "uic": "87681387" },
  { "nom": "Le Bras de Fer", "uic": "87681395" },
  { "nom": "Boutigny", "uic": "87681478" },
  { "nom": "Buno-Bonnevaux - Gironville-sur-Essonne", "uic": "87681510" },
  { "nom": "Le Plessis Chenet", "uic": "87681627" },
  { "nom": "Melun", "uic": "87682005" },
  { "nom": "Yerres", "uic": "87682112" },
  { "nom": "Combs-la-Ville - Quincy-sous-Sénart", "uic": "87682146" },
  { "nom": "Cesson", "uic": "87682161" },
  { "nom": "Saint-Mammès", "uic": "87682294" },
  { "nom": "Chartrettes", "uic": "87682419" },
  { "nom": "Villeneuve-la-Guyard", "uic": "87683102" },
  { "nom": "Pont-sur-Yonne", "uic": "87683136" },
  { "nom": "Joigny", "uic": "87683243" },
  { "nom": "Montargis", "uic": "87684001" },
  { "nom": "Malesherbes", "uic": "87684415" },
  { "nom": "Charles-de-Gaulle Étoile", "uic": "87758003" },
  { "nom": "Émerainville - Pontault-Combault", "uic": "87116046" },
  { "nom": "Val de Fontenay", "uic": "87113712" },
  { "nom": "Roissy-en-Brie", "uic": "87116038" },
  { "nom": "Pantin", "uic": "87113209" },
  { "nom": "Verneuil-l'Étang", "uic": "87116079" },
  { "nom": "Aéroport Orly Ouest", "uic": "87070902" },
  { "nom": "Vaires - Torcy", "uic": "87116293" },
  { "nom": "Lagny - Thorigny", "uic": "87116319" },
  { "nom": "Les Grésillons", "uic": "87272146" },
  { "nom": "Mitry-Claye", "uic": "87271528" },
  { "nom": "Le Bourget", "uic": "87271395" },
  { "nom": "Drancy", "uic": "87271403" },
  { "nom": "Meaux", "uic": "87116103" },
  { "nom": "Saint-Rémy-la-Vanne", "uic": "87116376" },
  { "nom": "Chézy-sur-Marne", "uic": "87116574" },
  { "nom": "La Ferté-Milon", "uic": "87116673" },
  { "nom": "Saint-Nom-la-Bretèche Forêt de Marly", "uic": "87382481" },
  { "nom": "Conflans-Sainte-Honorine", "uic": "87381897" },
  { "nom": "Bécon les Bruyères", "uic": "87382002" },
  { "nom": "La Défense", "uic": "87382218" },
  { "nom": "Marly-le-Roi", "uic": "87382465" },
  { "nom": "Louveciennes", "uic": "87382457" },
  { "nom": "La Frette-sur-Seine - Montiny-lès-Cormeilles", "uic": "87381871" },
  { "nom": "Meulan-en-Yvelines - Hardricourt", "uic": "87381830" },
  { "nom": "Boissy-l'Aillerie", "uic": "87381152" },
  { "nom": "Mantes Station", "uic": "87381590" },
  { "nom": "Triel-sur-Seine", "uic": "87381806" },
  { "nom": "Vaux-sur-Seine", "uic": "87381814" },
  { "nom": "Frépillon", "uic": "87276659" },
  { "nom": "Avenue Foch", "uic": "87381038" },
  { "nom": "Angerville Salle des Fêtes", "uic": "87332973" },
  { "nom": "Gisors", "uic": "87381244" },
  { "nom": "Montigny-lès-Cormeilles - Beauchamp", "uic": "87276089" },
  { "nom": "Épinay-sur-Seine", "uic": "87271148" },
  { "nom": "Bruyères-sur-Oise", "uic": "87276451" },
  { "nom": "Persan - Beaumont-sur-Oise", "uic": "87276469" },
  { "nom": "Presles - Courcelles", "uic": "87276501" },
  { "nom": "Pont Petit", "uic": "87276154" },
  { "nom": "Luzarches", "uic": "87276576" },
  { "nom": "Viarmes", "uic": "87276568" },
  { "nom": "Domont", "uic": "87276436" },
  { "nom": "Creil", "uic": "87276006" },
  { "nom": "Vernouillet - Verneuil-sur-Seine", "uic": "87386656" },
  { "nom": "Aubergenville Élisabethville", "uic": "87386730" },
  { "nom": "Champ de Mars Tour Eiffel", "uic": "87393058" },
  { "nom": "Versailles Rive Droite", "uic": "87382861" },
  { "nom": "Montreuil", "uic": "87382879" },
  { "nom": "Poissy", "uic": "87386573" },
  { "nom": "Paris Saint-Lazare", "uic": "87384008" },
  { "nom": "Boulevard Victor", "uic": "87393322" },
  { "nom": "Plaisir - Thiverval-Grignon", "uic": "87393421" },
  { "nom": "La Verrière", "uic": "87393256" },
  { "nom": "Saint-Cyr", "uic": "87393223" },
  { "nom": "Coignières", "uic": "87393272" },
  { "nom": "Meudon", "uic": "87393108" },
  { "nom": "Gazeran", "uic": "87393348" },
  { "nom": "Bellevue", "uic": "87393116" },
  { "nom": "Villeneuve-Saint-Georges", "uic": "87681825" },
  { "nom": "Breuillet - Bruyères-le-Châtel", "uic": "87545483" },
  { "nom": "Savigny-le-Temple - Nandy", "uic": "87682187" },
  { "nom": "Rungis la Fraternelle", "uic": "87546291" },
  { "nom": "Ballancourt-sur-Essonne", "uic": "87681437" },
  { "nom": "Ivry-sur-Seine", "uic": "87545301" },
  { "nom": "Moulin Galant", "uic": "87681403" },
  { "nom": "Grigny", "uic": "87681379" },
  { "nom": "Dourdan", "uic": "87545525" },
  { "nom": "Voves", "uic": "87545707" },
  { "nom": "Vulaines-sur-Seine - Samoreau", "uic": "87682443" },
  { "nom": "Vernou-la-Celle-sur-Seine", "uic": "87682468" },
  { "nom": "Champagne-sur-Seine", "uic": "87682450" },
  { "nom": "Livry-sur-Seine", "uic": "87682401" },
  { "nom": "Montereau", "uic": "87682302" },
  { "nom": "Nanterre Université", "uic": "87758037" },
  { "nom": "Bussy-Saint-Georges", "uic": "87754986" },
  { "nom": "Neuilly-Plaisance", "uic": "87758318" },
  { "nom": "Nogent-sur-Marne", "uic": "87758136" },
  { "nom": "Châtelet les Halles", "uic": "87758607" },
  { "nom": "Les Loges-en-Josa le Petit Jouy", "uic": "87393504" },
  { "nom": "Plaisir - Les Clayes-sous-Bois", "uic": "87393629" },
  { "nom": "Villeneuve-le-Roi", "uic": "87545277" },
  { "nom": "Gravigny Balizy", "uic": "87393645" },
  { "nom": "Étampes", "uic": "87545137" },
  { "nom": "Trappes", "uic": "87393835" },
  { "nom": "Saint-Piat", "uic": "87394148" },
  { "nom": "Épernon", "uic": "87394114" },
  { "nom": "Serans", "uic": "87419952" },
  { "nom": "Jouy", "uic": "87394155" },
  { "nom": "Bondy Remise à Jorelle", "uic": "87988709" },
  { "nom": "Saint-Michel", "uic": "87785436" },
  { "nom": "Gif-sur-Yvette", "uic": "87758870" },
  { "nom": "Parc de Sceaux", "uic": "87758730" },
  { "nom": "Les Baconnets", "uic": "87758771" },
  { "nom": "Robinson", "uic": "87758722" },
  { "nom": "Gentilly", "uic": "87758656" },
  { "nom": "Orsay", "uic": "87758847" },
  { "nom": "Laplace", "uic": "87758664" },
  { "nom": "Porte de Clichy", "uic": "87111278" },
  { "nom": "Paris Est", "uic": "87113001" },
  { "nom": "Saint-Germain-en-Laye Bel-Air - Fourqueux", "uic": "87366922" },
  { "nom": "Avenue Henri Martin", "uic": "87381046" },
  { "nom": "Haussmann Saint-Lazare", "uic": "87281899" },
  { "nom": "Péreire Levallois", "uic": "87381012" },
  { "nom": "Bibliothèque François Mitterrand", "uic": "87328328" },
  { "nom": "Dommerville Crédit Agricole", "uic": "87332965" },
  { "nom": "Lavilletertre", "uic": "87381202" },
  { "nom": "Monnerville", "uic": "87332940" },
  { "nom": "Champ de Courses d'Enghien", "uic": "87276030" },
  { "nom": "Sarcelles - Saint-Brice-sous-Forêt", "uic": "87276386" },
  { "nom": "Épinay-sur-Seine - Villetaneuse", "uic": "87271122" },
  { "nom": "Saint-Ouen-l'Aumône", "uic": "87276105" },
  { "nom": "Enghien-les-Bains", "uic": "87276022" },
  { "nom": "Le Blanc-Mesnil", "uic": "87271478" },
  { "nom": "Bessancourt", "uic": "87276642" },
  { "nom": "Épluches", "uic": "87276147" },
  { "nom": "Pierrelaye", "uic": "87276097" },
  { "nom": "Ermont", "uic": "87276584" },
  { "nom": "Le Raincy - Villemomble - Montfermeil", "uic": "87113472" },
  { "nom": "Rosny-sous-Bois", "uic": "87113704" },
  { "nom": "Rosny-sous-Bois Perrier", "uic": "87113696" },
  { "nom": "Noisy-le-Sec", "uic": "87113217" },
  { "nom": "Allée de la Tour Rendez-Vous", "uic": "87113878" },
  { "nom": "Tournan", "uic": "87116210" },
  { "nom": "Longueville", "uic": "87116137" },
  { "nom": "Provins", "uic": "87116160" },
  { "nom": "Mouroux", "uic": "87116285" },
  { "nom": "Esbly", "uic": "87116327" },
  { "nom": "Dammartin-en-Goële - Juilly - Saint-Mard", "uic": "87271536" },
  { "nom": "Seugy", "uic": "87272039" },
  { "nom": "Thieux - Nantouillet", "uic": "87272054" },
  { "nom": "Gare du Nord Surface", "uic": "87271031" },
  { "nom": "Gennevilliers", "uic": "87271205" },
  { "nom": "Chailly - Boissy-le-Châtel", "uic": "87116343" },
  { "nom": "Le Plessis-Belleville", "uic": "87271551" },
  { "nom": "La Ferté-Gaucher", "uic": "87116392" },
  { "nom": "Lizy-sur-Ourcq", "uic": "87116632" },
  { "nom": "Ormoy-Villers", "uic": "87271585" },
  { "nom": "Saint-Ouen-l'Aumône Quartier de l'Église", "uic": "87381426" },
  { "nom": "Nézel - Aulnay-sur-Mauldre", "uic": "87381731" },
  { "nom": "Issou - Porcheville", "uic": "87381574" },
  { "nom": "Thun le Paradis", "uic": "87381822" },
  { "nom": "Maule", "uic": "87381723" },
  { "nom": "Saint-Germain-en-Laye Grande Ceinture", "uic": "87382804" },
  { "nom": "Achères Grand Cormier", "uic": "87386052" },
  { "nom": "Cergy Saint-Christophe", "uic": "87382499" },
  { "nom": "Le Val d'Or", "uic": "87382366" },
  { "nom": "Cergy le Haut", "uic": "87382655" },
  { "nom": "Herblay", "uic": "87381889" },
  { "nom": "L'Étang-la-Ville", "uic": "87382473" },
  { "nom": "Mareil-Marly", "uic": "87382812" },
  { "nom": "Épône - Mézières-sur-Seine", "uic": "87386763" },
  { "nom": "Sèvres Rive Gauche", "uic": "87393124" },
  { "nom": "Le Perray-en-Yvelines", "uic": "87393298" },
  { "nom": "Porchefontaine", "uic": "87393165" },
  { "nom": "Sartrouville", "uic": "87386417" },
  { "nom": "Rambouillet", "uic": "87393314" },
  { "nom": "Pont de l'Alma", "uic": "87393041" },
  { "nom": "Clamart", "uic": "87391565" },
  { "nom": "Paris Montparnasse", "uic": "87391003" },
  { "nom": "Évreux Normandie", "uic": "87387001" },
  { "nom": "Villeneuve-Saint-Georges Triage ->", "uic": "87681809" },
  { "nom": "Le Vert de Maisons", "uic": "87681247" },
  { "nom": "Breuillet Village", "uic": "87545491" },
  { "nom": "Saint-Chéron", "uic": "87545509" },
  { "nom": "Musée d'Orsay", "uic": "87547307" },
  { "nom": "Évry", "uic": "87681361" },
  { "nom": "Les Saules", "uic": "87546226" },
  { "nom": "Maisse", "uic": "87681486" },
  {
    "nom": "Villiers-Saint-Fréderic - Neauphle-le-Château - Jouars-Pontchartrain",
    "uic": "87393884"
  },
  { "nom": "Montfort-l'Amaury - Méré", "uic": "87393892" },
  { "nom": "Orgerus - Béhoust", "uic": "87393447" },
  { "nom": "Longjumeau", "uic": "87393611" },
  { "nom": "Vauboyen", "uic": "87393538" },
  { "nom": "Rosny-sur-Seine", "uic": "87415885" },
  { "nom": "Bonnières", "uic": "87415893" },
  { "nom": "Jouy-sur-Morin Monument aux Morts", "uic": "87430884" },
  { "nom": "La Ferté-Gaucher", "uic": "87430819" },
  { "nom": "Marchezais - Broué", "uic": "87393470" },
  { "nom": "Avenue du Président Kennedy Radio France", "uic": "87543207" },
  { "nom": "Saint-Michel-sur-Orge", "uic": "87545202" },
  { "nom": "Épinay-sur-Orge", "uic": "87545228" },
  { "nom": "Brétigny-sur-Orge", "uic": "87545194" },
  { "nom": "Boulainvilliers", "uic": "87543181" },
  { "nom": "Athis-Mons", "uic": "87545251" },
  { "nom": "Chamarande", "uic": "87545152" },
  { "nom": "Arpajon", "uic": "87545467" },
  { "nom": "Juvisy-sur-Orge", "uic": "87545244" },
  { "nom": "Rougemont Chanteloup", "uic": "87431791" },
  { "nom": "Saint-Fargeau-Ponthierry - Pringy", "uic": "87682526" },
  { "nom": "Bourron-Marlotte - Grez-sur-Loing", "uic": "87684118" },
  { "nom": "Bagneaux-sur-Loing", "uic": "87684191" },
  { "nom": "Fontainebleau - Avon", "uic": "87682211" },
  { "nom": "Héricy", "uic": "87682435" },
  { "nom": "Villeneuve-sur-Yonne", "uic": "87683219" },
  { "nom": "Étigny - Véron", "uic": "87683201" },
  { "nom": "Boigneville", "uic": "87684407" },
  { "nom": "Le Parc de Saint-Maur", "uic": "87758169" },
  { "nom": "Denfert Rochereau", "uic": "87758631" },
  { "nom": "Nation", "uic": "87758102" },
  { "nom": "Le Vésinet", "uic": "87758078" },
  { "nom": "Saint-Germain-en-Laye", "uic": "87758094" },
  { "nom": "Joinville-le-Pont", "uic": "87758144" },
  { "nom": "Saint-Maur-des-Fossés - Créteil", "uic": "87758151" },
  { "nom": "Champigny", "uic": "87758177" },
  {
    "nom": "La Varenne Saint-Hilaire - Chennevières-sur-Marne",
    "uic": "87758185"
  },
  { "nom": "Boissy-Saint-Léger", "uic": "87758201" },
  { "nom": "Noisy-le-Grand Champs", "uic": "87758342" },
  { "nom": "Torcy", "uic": "87758375" },
  { "nom": "Luxembourg", "uic": "87758615" },
  { "nom": "Port Royal", "uic": "87758623" },
  { "nom": "Bagneux", "uic": "87758680" },
  { "nom": "Antony", "uic": "87758755" },
  { "nom": "Le Guichet", "uic": "87758839" },
  { "nom": "La Hacquinière", "uic": "87758862" },
  { "nom": "Fontenay-sous-Bois", "uic": "87758128" },
  { "nom": "Nanterre Préfecture", "uic": "87758029" },
  { "nom": "Rueil-Malmaison", "uic": "87758052" },
  { "nom": "Cité Universitaire", "uic": "87758649" },
  { "nom": "Dordives", "uic": "87684233" },
  { "nom": "Noisiel", "uic": "87758359" },
  { "nom": "Saint-Rémy-lès-Chevreuse", "uic": "87758896" },
  { "nom": "Palaiseau - Villebon-sur-Yvette", "uic": "87758813" },
  { "nom": "Courcelle sur Yvette", "uic": "87758888" },
  { "nom": "Lycée Henri Sellier", "uic": "87988717" },
  { "nom": "Fontenay-aux-Roses", "uic": "87758714" },
  { "nom": "Lozère", "uic": "87758821" }
]
